NO.,코드,가입일,구분,지회,조회Key,회사명,대표자,전화번호,FAX,주소,홈페이지
1,239,2014/03/14,용역,영남1,,㈜건일엔지니어링,손광식,(054)284-0195,(054)284-0196,(37830)경상북도 포항시 남구 상공로46번길 5,www.kunileng.co.kr
2,299,2024/12/13,용역,영남1,ㄱ,㈜가람영산건축사사무소,김남혁,064-727-4567,064-727-4566,"(63088)제주특별자치도 제주시 한라대학로 39, 4층(노형동)",
3,275,2018/11/30,용역,영남1,ㄱ,㈜가우리안,김동준,(031)900-1600,(031)900-1692,"(10401)경기도 고양시 일산동구 무궁화로 20-38, 707호(장항동, 로데오탑프라자)",www.gaurian.com
4,167,2007/22/21,용역,영남1,ㄱ,㈜간삼건축종합건축사사무소,김태집,(02)2250-6000,(02)2253-0244,(04607)서울특별시 중구 동호로 20다길 16 간삼건축빌딩,www.gansam.com
5,255,2017/01/12,용역,영남1,ㄱ,㈜건설사업관리 지성,고기호,(02)718-6650,(02)718-6658,"(06658)서울특별시 서초구 반포대로23길 39-4, 301호(서초동, 쓰리엠하우스)",www.cmjisung.com
6,165,2007/11/18,용역,영남1,ㄱ,㈜건정종합건축사사무소,노형래,(02)514-0025,(02)512-4664,(06097)서울특별시 강남구 선릉로112길 37 건정빌딩,건정건축.kr
7,290,2022/09/22,용역,영남1,ㄱ,㈜건축사사무소가온,엄시연,02-408-0108,070-4495-6977,(02586) 서울특별시 동대문구 난계로 234 삼송빌딩 7층,www.gaonarchi.com
8,41,2002/22/22,용역,영남1,ㄱ,㈜건축사사무소건원엔지니어링,"김득한, 이석기",(02)3458-2800,(02)556-3523,"(05855)서울특별시 송파구 송파대로 167, B동 16층(문정동, 문정테라타워)",www.kunwoneng.com
9,249,2016/02/29,용역,중부,ㄱ,㈜건축사사무소광장,신만석,(031)898-3535,(031)624-4793,"(16898) 경기도 용인시 기흥구 죽전로 39, 707호(보정동 SJ타워)",kwangjangarch.com
10,50,1997/22/27,시공,중부,ㄱ,경남기업㈜,박흥준,(02)2210-0500,(02)2210-0199,(02622)서울특별시 동대문구 황물로 168 (답십리동),www.kne.co.kr
11,34,1999/11/16,용역,중부,ㄱ,㈜경원엔지니어링건축사사무소,이도춘/최광,(033)730-8857,(033)747-8232,(26307)강원도 원주시 소초면 섬배로 109-10,kyungwoneng.com
12,210,2010/05/04,용역,중부,ㄱ,㈜경진건축사사무소,이대형,(02)573-7212,(02)573-7213,"(06691)서울특별시 서초구 동작대로 40, 경복빌딩 4층",kyung-jin.net
13,204,2010/01/15,용역,영남1,ㄱ,㈜계림건축사사무소,한주현,(053)814-1703,(053)814-6108,(38621) 경상북도 경산시 중앙로19길 62(중방동 838-16번지),kyerim.kr
14,51,1997/22/27,시공,영남1,ㄱ,극동건설㈜,남관우,(02)2273-1141,(02)2272-1295,(04554)서울특별시 중구 퇴계로 173 (극동빌딩 9층),www.kukdong.co.kr
15,77,1999/22/29,시공,호남,ㄱ,금광기업㈜,이동학,(062)239-8100,(062)224-5111,(61481)광주광역시 동구 금남로 186 송원빌딩,www.gumgwang.co.kr
16,52,1997/22/27,시공,호남,ㄱ,금호건설㈜,서재환,(02)6303-0114,(02)6303-0735,(03185)서울특별시 종로구 새문안로 76 금호아시아나본관,www.kumhoenc.com
17,241,2014/04/30,용역,영남2,ㄱ,김재영 감정평가사,,(051)861-2772,(051)861-3825,(47511)부산광역시 연제구 법원로16번길 10 금복빌딩 5층,
18,69,1999/00/01,용역,영남2,ㄱ,㈜디자인그룹금성건축사사무소,"한종언,정해상",(02)720-2646,(02)737-9199,"(03184)서울특별시 종로구 새문안로 46 피어선빌딩 4,5층",www.ksde.co.kr
19,240,2014/04/22,용역,영남2,ㄱ,변호사 김명식 법률사무소,김명식,(02)3477-9966,(02)3477-9975,(06646)서울특별시 서초구 서초대로 260 순영빌딩 402호,lawking.or.kr/
20,206,2010/01/21,용역,영남2,ㄴ,㈜나우씨엠건축사사무소,김홍룡,(02)518-7855,(02)2051-8445,"(06770)서울특별시 서초구 매헌로 54(양재동, 나우건축)",www.nowarch.com
21,307,2026/07/03,용역,중부,ㄴ,㈜네오이앤씨,"금경철,노용제",02-0426-2769,02-426-2769,"경기도 하남시 천호대로 1405, 103호",
22,200,2009/06/30,용역,중부,ㄷ,㈜건축사사무소대원아키텍,한동신,(02)554-5117,(02)563-5129,(06172)서울특별시 강남구 봉은사로114길 30-5,
23,205,2010/01/19,용역,영남1,ㄷ,㈜다산컨설턴트,이해경,(02)2222-4005,(02)539-1115,(05800)서울특별시 송파구 송이로30길 15,www.dasan93.co.kr
24,188,2008/07/11,용역,영남1,ㄷ,㈜다원그룹건축사사무소,이혁희,(02)422-4563,(02)422-5847,(05621)서울특별시 송파구 백제고분로41길 8-8 다원빌딩,www.dawonarchi.com
25,147,2005/22/21,용역,영남1,ㄷ,㈜다인씨엠건축사사무소,이경희,(02)6925-2733,(02)6925-2790,(06173)서울특별시 강남구 영동대로96길 20 대화빌딩 8-9층,www.daain.com
26,111,2003/04/14,용역,중부,ㄷ,㈜단에이앤씨종합건축사사무소,박규석,(032)425-8855,(032)246-8005,(22221)인천광역시 남구 학익소로 66 선정빌딩 3층,www.dannet.co.kr
27,53,1997/22/27,시공,중부,ㄷ,㈜대우건설,김보현,(02)2259-3030,(02)2259-3777,(04548) 서울특별시 중구 을지로 170,www.daewooenc.com
28,282,2020/11/11,용역,중부,ㄷ,㈜더반이엔지,최돈용,032-325-0975,032-326-0975,"(14558) 경기도 부천시 조마루로385번길 92, 2015호(원미동, 부천테크노밸리 U1센터)",
29,261,2017/10/31,용역,중부,ㄷ,㈜더블유에스피건축사사무소,임기환,(02)2017-5600,(02)545-1932,"(06071)서울특별시 강남구 영동대로 741(청담동, 은성빌딩 3층)",www.wsp-pb.com/ko-KR/1
30,129,2004/41/12,용역,중부,ㄷ,더블유에스피아시아리미티드(영업소),최종철,(02)545-1931,(02)545-1932,"(06223)서울특별시 강남구 테헤란로32길 26(역삼동, 청송빌딩)",www.wsp.com
31,98,2003/21/15,용역,충청,ㄷ,㈜도원엔지니어링건축사사무소,"최철순, 손정숙, 이강희",(042)521-2100,(042)521-2101,(35270)대전광역시 서구 계룡로 390 도원빌딩,www.dowoneng.co.kr
32,9,2000/11/10,용역,충청,ㄷ,㈜도화엔지니어링,"오세항,노진명,박승우",(02)6323-3000,(02)553-8021,(06178)서울특별시 강남구 삼성로 438,www.dohwa.co.kr
33,80,2000/02/26,용역,중부,ㄷ,㈜동명기술공단종합건축사사무소,"신계식,신완수",(031)706-1681,(031)706-1682,(02589)서울특별시 동대문구 청계천로 501,www.dmec.co.kr
34,3,1997/22/27,시공,중부,ㄷ,동부건설㈜,허상희,(02)3484-2114,(02)3484-2005,(04323)서울특별시 용산구 한강대로 372 센트레빌 아스테리움 D동,dbcon.dongbu.co.kr
35,93,2003/11/14,용역,중부,ㄷ,동부엔지니어링㈜,홍문기,(02)2122-6700,(02)2122-6920,(04323)서울특별시 용산구 한강대로 372 센트레빌 아스테리움 D동 24~26층,www.dongbueng.co.kr
36,26,2000/00/08,시공,중부,ㄷ,㈜동양건설산업,박광태,(02)3420-8024,(02)3420-8112,(06177)서울특별시 강남구 영동대로 312 LEXUS D&T빌딩,www.dongyangex.co.kr
37,30,2000/12/26,용역,영남1,ㄷ,㈜동우이앤씨,홍준표,(053)749-2026,(053)753-5644,(41260) 대구광역시 동구 동대구로 441 영남타워 8층,www.dongwooa.com
38,276,2018/12/11,용역,영남1,ㄷ,㈜두가씨앤씨종합건축사사무소,김재학,(02)548-5091,(02)548-5093,(04793) 서울시 성동구 성수일로10길 26 하우스디세종타워 18층,www.dugacc.com
39,54,1997/22/27,시공,영남1,ㄷ,두산건설㈜,"김진호, 김진설",(02)510-3114,(02)510-3004,(06057)서울특별시 강남구 언주로 726 두산빌딩,www.doosanenc.com
40,190,2008/08/14,용역,영남1,ㄷ,㈜디에이그룹엔지니어링종합건축사사무소,김현호,(02)531-0400,(02)531-0551,(06174)서울특별시 강남구 테헤란로104길 7 디에이그룹빌딩,dagroup.kr
41,234,2012/05/24,용역,중부,ㄷ,㈜디엠이엔지종합건축사사무소,김경옥,(02)729-9705,(02)729-9998,"(13840)경기도 과천시 과천대로7나길 37, 1031호(갈현동)",www.the-mgroup.co.kr/
42,146,2005/00/02,용역,중부,ㄷ,㈜종합건축사사무소담,김동술,(02)454-9050,(02)558-9055,(05054)서울특별시 광진구 아차산로 334 예담빌딩,www.domarchi.co.kr
43,182,2008/22/29,용역,중부,ㄷ,㈜종합건축사사무소동우건축,이중규,(02)519-6300,(02)540-7231,(07265)서울특별시 영등포구 당산로 92(당산동1가 455-1),www.dongwoo.net
44,152,1999/00/03,용역,중부,ㄷ,㈜종합건축사사무소동일건축,"오봉석, 윤수현",(02)515-1360,(02)544-3265,(06054)서울특별시 강남구 도산대로46길 8,www.dongil82.co.kr
45,274,2018/11/08,용역,중부,ㄹ,㈜람코리아,구주환,(02)455-7773,(02)453-7774,"(05026) 서울특별시 광진구 자양로19길 8. 3층(자양동, 광석빌딩)",www.ram-korea.net
46,263,2018/02/01,용역,중부,ㄹ,랜드엔지니어링㈜,"류점동, 신병기",(02)402-2183,(02)402-2117,"(05719)서울특별시 송파구 중대로 105, 13층 1302호(가락동, 가락ID타워)",landeng.co.kr
47,262,2017/12/19,용역,중부,ㄹ,㈜로이테크원,박일수,(02)890-0770,(02)830-6583,"(08389)서울특별시 구로구 디지털로 272, 한신IT타워 202호",www.roit.co.kr
48,4,1997/22/27,시공,중부,ㄹ,롯데건설㈜,하석주,(02)3480-9002,(02)535-9155,(06515)서울특별시 서초구 잠원로14길 29,www.lottecon.co.kr
49,304,2026/01/13,용역,중부,ㅁ,㈜마스원기술사사무소,류보현,02-435-9753,02-2209-9753,"서울특별시 중랑구 신내역로3길 40-36, B동 607호(신내동)",blog.naver.com/bh9753
50,286,2021/08/18,용역,호남,ㅁ,마인엔지니어링건축사사무소㈜,"박재형,김윤오,김태식",061-332-7561,061-332-7564,"(58217) 전라남도 나주시 빛가람로 685, 비젼타워 612호",www.ma-in.kr
51,70,1999/70/03,용역,중부,ㅁ,㈜명광엔지니어링건축사사무소,선우정호,(031)272-2376,(031)264-2378,(10461)경기도 고양시 덕양구 호국로 781 (주교동) 명승세도나 5층,www.myoungkwang.com
52,236,2012/09/05,용역,영남2,ㅁ,㈜명인씨엠,임옥예,(051)806-7650,(051)806-7651,(48037)부산광역시 해운대구 선수촌로 86-10 블루웨이브 10호,
53,136,2005/12/24,용역,영남2,ㅁ,㈜무영씨엠건축사사무소,한일기,(02)2188-3100,(02)555-6657,(13840)경기도 과천시 과천대로 7길 26(갈현동) 스마트케이 B타워 2층,www.mooyoungcm.com
54,185,2008/06/04,용역,영남2,ㅁ,㈜미래도시경영연구원,문기채,(02)569-0047,(02)3474-9580,"(05836) 서울특별시 송파구 법원로 127, 1112호(문정동, 문정대명벨리온)",www.nextaus.com
55,266,2018/03/28,용역,영남2,ㅂ,배태민 변호사,배태민,(02)521-9399,(02)586-9398,"(06648)서울특별시 서초구 반포대로28길 28, 4층(서초동 초석빌딩)",
56,163,2006/11/11,용역,영남2,ㅂ,㈜백림종합건축사사무소,이명진,(032)743-8978,(032)743-2939,(22382)인천광역시 중구 공항로424번길 72 아이비씨대우디오빌 404호,
57,243,2014/11/24,용역,영남2,ㅂ,㈜범건축종합건축사사무소,"김기영, 서영호",(02)538-9966,(02)6919-4093,"(05837)서울시 송파구 송파대로 111, 하비오타워동 법도재로 205동 610호",www.baum.co.kr
58,270,2018/07/25,용역,영남2,ㅂ,㈜범씨엠건축사사무소,"조윤성, 조성제",(02)6942-5122,(02)6942-5114,"(05855)서울특별시 송파구 송파대로 167, A동 13층 (문정동, 테라타워)",www.baumcm.co.kr
59,246,2015/05/26,용역,영남2,ㅂ,법무법인 율촌 정유철 변호사,정유철,(02)528-5212,(02)528-5300,(06180)서울특별시 강남구 테헤란로 518 (섬유센터빌딩 12층),www.yulchon.com
60,303,2025/06/17,용역,영남1,ㅂ,㈜보정건축사사무소,남효황,053-742-0953,053-752-4588,"대구시 동구 동부로26길 5, 2층 222호",archibojung.com
61,281,2020/07/09,용역,중부,ㅂ,㈜블럭씨앤아이,고진호,02-6956-9911,0503-8379-5875,"(06650) 서울특별시 서초구 반포대로24길 81, 204호",www.blockcni.co.kr
62,155,2006/11/13,용역,중부,ㅂ,㈜비씨엠피,신용훈,(031)463-3570,(031)463-3580,(14057)경기도 안양시 동안구 시민대로 401 대륭테크노타운 15차 1902호,www.bcmpkorea.com
63,113,2003/22/21,용역,중부,ㅂ,㈜빅스코이엔시(BIXCO E&C),이창섭,(02)523-7800,(02)586-6607,(06255)서울특별시 강남구 도곡로7길 28 우정빌딩,www.woojungart.co.kr
64,56,1997/32/27,시공,중부,ㅅ,삼성물산㈜,"고정석,오세철,한승환",(02)2145-6381,(02)2145-6394,(05288)서울특별시 강동구 상일로6길 26(상일동),www.secc.co.kr
65,148,2005/22/24,시공,중부,ㅅ,삼성엔지니어링㈜,최성안,(02)3458-3314,(02)3458-4051,(05288)서울특별시 강동구 상일로6길 26 삼성GEC,www.samsungengineering.co.kr
66,124,2004/01/16,용역,중부,ㅅ,㈜삼안,최동식,(02)6488-8128,(02)6488-8139,(13837)경기도 과천시 별양상가3로 5 유니온빌딩,www.samaneng.co.kr
67,11,2002/22/21,용역,중부,ㅅ,㈜삼우씨엠건축사사무소,"정승진, 강인철",(02)3400-3114,(02)3400-3915,(05556)서울특별시 송파구 백제고분로 69 애플타워 (잠실동),www.samoocm.com
68,58,1997/22/27,시공,중부,ㅅ,삼환기업㈜,"김충식, 우연아",(02)740-2210,(02)744-0607,(03131)서울특별시 종로구 율곡로 82 (운니동),www.samwhan.co.kr
69,176,2008/01/16,용역,중부,ㅅ,㈜상아매니지먼트컨설팅,김 유 길,(02)3415-2222,(02)3415-2199,"(06239)서울특별시 강남구 논현로85길 70, 역삼823빌딩 12층",www.sangah.com
70,107,2003/22/24,용역,영남2,ㅅ,㈜상지엔지니어링건축사사무소,김동회,(051)248-3033,(051)242-7687,(48983)부산광역시 중구 자갈치로 42 신동아빌딩 5층,www.sangji21c.co.kr
71,244,2015/03/24,용역,영남2,ㅅ,㈜새누이엔지건축사사무소,김정화,(051)921-2088,(051)818-7414,"(47288) 부산광역시 부산진구 서면로 25, 1101호(부전동, 삼한골든뷰)",www.saenoo.co.kr
72,17,2002/80/07,용역,영남1,ㅅ,㈜서린디앤씨,서주영,(053)742-7585,(053)742-7586,(41904)대구광역시 중구 태평로51길 5(동인동1가),www.seorin.com
73,273,2018/10/23,용역,영남1,ㅅ,㈜서영디앤씨,설연옥,02-831-9944,02-831-9955,"(07362) 서울시 영등포구 신길로42가길 34, 상가동 102호 (신길동 신기목련아파트)",
74,174,2008/11/11,용역,영남1,ㅅ,㈜서영엔지니어링,이언기,(02)6915-7000,(02)6915-7007,(13595)경기도 성남시 분당구 황새울로258번길 25 (수내동),www.seoyeong.co.kr
75,256,2017/02/06,용역,영남1,ㅅ,㈜서울데이타시스템,윤구홍,(02)2649-9345,(02)2643-6105,(07547)서울특별시 강서구 양천로 583 우림블루나인비즈니스센터 A동 910호,www.esds.co.kr
76,208,2010/02/26,용역,영남1,ㅅ,㈜서한종합건축사사무소,오임석,(02)2191-9100,(02)562-4325,(06130)서울특별시 강남구 테헤란로7길 22 한국과학기술회관 본관 7층,www.suhhan.com
77,18,2001/33/30,용역,충청,ㅅ,㈜선엔지니어링종합건축사사무소,신동안,(043)256-4370,(043)257-1314,(28544)충청북도 청주시 상당구 사직대로361번길 91 선빌딩,www.seon.co.kr
78,94,2003/21/14,용역,충청,ㅅ,㈜선진엔지니어링종합건축사사무소,"정종화, 김동수",(02)6333-3000,(02)6332-3000,(07276)서울특별시 영등포구 영등포로3길 19 선진빌딩 (양평동2가),www.sunjin.co.kr
79,292,2023/08/02,용역,영남2,ㅅ,㈜성광엔지니어링건축사사무소,윤중현,070-7706-1196,051-507-7697,"부산광역시 연제구 월드컵대로 241, 4층",
80,106,2003/11/18,시공,영남2,ㅅ,성일건설㈜,황윤성,(02)578-3131,(02)578-0549,(06296)서울특별시 강남구 남부순환로378길 10 성일빌딩,www.sungilcon.co.kr
81,280,2020/01/02,용역,영남2,ㅅ,㈜세니츠코퍼레이션,"김기중, 민주홍",(02)3461-6604,(02)3461-6605,"(08501) 서울특별시 금천구 가산디지털1로 233, 1107호",www.cenitscorp.co.kr
82,252,2016/04/05,용역,중부,ㅅ,㈜세홍,김성찬,1670-1610,(031)522-0591,(17084)경기도 용인시 기흥구 탑실로58번길 16,www.sehong.net
83,230,2012/03/08,용역,중부,ㅅ,㈜수성엔지니어링,"박미례,원상희",(055)262-5200,(055)262-5202,"(51430)경상남도 창원시 의창구 창의대로 510, 403호(용호동, 경남보훈회관)",www.soosungeng.com
84,265,2018/02/13,용역,영남1,ㅅ,㈜수영건축사사무소,김동수,(053)744-2362,(053)744-2364,"(41259)대구광역시 동구 송라로 34, 3층",
85,195,2009/01/13,용역,충청,ㅅ,신성종합건축사사무소㈜,"정현석,권오준",(043)237-8105,(043)237-8107,(28397)충청북도 청주시 흥덕구 2순환로1261번길 40 (가경동),www.shinsungac.com
86,42,2002/11/15,용역,충청,ㅅ,㈜신송컨설팅,이맹례,(02)795-7317,(02)794-1297,(04376)서울특별시 용산구 새창로 213-17,www.green-m.com
87,259,2017/08/25,용역,충청,ㅅ,신웅식 변호사,신웅식,(02)316-4701,(02)756-6226,(04631)서울특별시 중구 퇴계로 100 스테이트타워 남산 8층,www.shinkim.com
88,95,2003/11/14,용역,충청,ㅅ,㈜신한종합건축사사무소,김상훈,(02)405-8114,(02)405-8100,(05824)서울특별시 송파구 중대로 168,www.shinhana.com
89,25,2000/22/26,용역,충청,ㅅ,㈜신화엔지니어링종합건축사사무소,"김인수,송명기",(042)670-3114,(042)670-3113,(34552)대전광역시 동구 동서대로 1659 (용전동),www.shinhwaeng.com
90,298,2024/04/25,용역,충청,ㅅ,씨앤앰글로벌㈜,"김도희, 성호일",02-573-1109,02-6442-5343,(06793)서울특별시 서초구 염곡안3길 5-3,cnmglobal.co.kr
91,295,2023/12/18,용역,충청,ㅅ,㈜씨엠파트너스건축사사무소,박관영,02-6946-8500,02-6946-8550,"서울 성동구 성수이로51, 한라시그마벨리 201호",cmpartners.co.kr
92,283,2021/02/03,용역,충청,ㅅ,씨제이도시개발㈜,유준모,(02)2611-0636,(02)2644-0636,"(08087) 서울특별시 양천구 은행정로6길 22, 2층(신정동, 남부빌딩)",
93,247,2015/06/12,용역,호남,ㅅ,㈜종합건축사사무소선건축,고경임,(064)733-3220,(064)732-7327,"(63100)제주특별자치도 제주시 월랑로 39(노형동, 동마빌딩 8층)",www.suning.co.kr
94,293,2023/11/21,용역,호남,ㅇ,㈜아리씨엠(RECM Corp.),박준석,031-302-1216,,"(16953) 경기도 용인시 기흥구 흥덕2로 115, 7층 707-2호",
95,32,1999/00/08,용역,호남,ㅇ,㈜아이티엠건축사사무소,임재춘,(02)2140-5300,(02)3443-8136,"(06056)서울특별시 강남구 선릉로 747, 4층 (논현동, 삼성당빌딩 4층)",www.itm.co.kr/
96,202,2009/09/09,용역,호남,ㅇ,㈜아이티엠브로스씨엠,김대현,(02)515-8850,(02)3453-8850,(06122)서울특별시 강남구 논현로 614,www.itmbroscm.com
97,224,2011/09/20,용역,중부,ㅇ,㈜아키덤엔지니어링건축사사무소,김지원,(02)508-7323,(02)508-7326,(05854) 서울특별시 송파구 법원로 114 엠스테이트 A동 611호,http://www.archidom.kr
98,305,2026/04/22,용역,중부,ㅇ,㈜아키브,손기헌,1660-3930,,"경기도 하남시 미사강변남로 103, 602-514호(망월동, 미사랑데르Ⅲ)",www.archib.io
99,228,2012/01/11,용역,중부,ㅇ,㈜어반브로스,강인오,(02)548-2491,(02)548-2493,"(07333)서울특별시 영등포구 국제금융로8길 19, 중앙빌딩 1003호",urbanbros.com
100,288,2022/07/01,용역,중부,ㅇ,㈜에스아이그룹건축사사무소,김한섭,02-6238-0701,02-6238-0703,"(06166) 서울시 강남구 삼성로 546, 301,401호 (삼성동,백영빌딩)",si-group.co.kr
101,59,1997/22/27,시공,중부,ㅇ,에스지신성건설㈜,윤상담,(02)3459-2000,(02)3459-2080,"(08389)서울특별시 구로구 디지털로26길 61 10층 (구로동, 에이스하이엔드타워2차)",www.sscorp.co.kr
102,300,2025/02/07,용역,중부,ㅇ,㈜에이비라인건축사사무소,"박래훈, 서영철",02-2021-6800,02-2021-6801,"(04870)서울시 성동구 성수이로7길27, 서울숲코오롱디지털타워2차 501호~503호",http://abline.co.kr/
103,277,2019/01/16,용역,중부,ㅇ,에이앤유씨엠건축사사무소㈜,최홍남,(02)2047-3000,(02)2047-3009,"(05839) 서울시 송파구 충민로 52(문정동, 가든파이브 윅스 4층)",www.anudg.com
104,254,2017/01/02,용역,중부,ㅇ,에이앤티엔지니어링㈜,"송현담, 김미진",(02)598-8808,(02)587-5020,"(06645)서울시 서초구 서초대로 280, 4층 (서초동, 태양빌딩)",
105,269,2018/07/09,용역,중부,ㅇ,㈜에이엠,조유정,(02)2663-7770,(02)2662-4121,(17540)경기도 안성시 대덕면 안성맞춤대로 1654 B02호,www.amgroup.kr
106,67,1997/22/27,시공,중부,ㅇ,에이치디씨현대산업개발㈜,"김대철, 권순호",(02)2008-9102,(02)565-4980,(04377)서울특별시 용산구 한강대로23길 55,www.hyundai-dvp.com
107,267,2018/04/11,용역,중부,ㅇ,㈜에이치앤씨건설연구소,조승연,(02)461-4400,(02)461-4419,(04779)서울특별시 성동구 성수일로55 SK테크노빌딩 901호,www.hnckorea.co.kr
108,102,2003/11/19,용역,중부,ㅇ,㈜에이치케이건축사사무소,서진철,(070)5213-6048,(02)3481-8350,"(13840)경기도 과천시 과천대로7나길 9, 9~11층(갈현동, DX타워)",www.hwarchi.com
109,217,2010/12/14,용역,중부,ㅇ,㈜에이케이네트워크,최영보,(02)2179-5036,(02)2179-5092,(06627)서울특별시 서초구 서초2동 1337-32 광일빌딩 17층,
110,173,2008/00/09,용역,중부,ㅇ,㈜엠에이피건축그룹,한일호,(02)520-9300,(02)520-9390,(06755)서울특별시 서초구 바우뫼로18길 19,www.mapgroup.co.kr
111,142,2005/00/09,용역,중부,ㅇ,㈜영진아키택,김영진,(02)325-7984,(02)338-0074,(04002)서울특별시 마포구 월드컵북로5길 38 다다빌딩 5층,
112,5,2003/22/23,용역,중부,ㅇ,㈜영화키스톤건축사사무소,김주열,(02)3488-7900,(02)3488-7960,(06744)서울특별시 서초구 강남대로 190 대관빌딩 6층,www.yhkeystone.co.kr
113,294,2023/12/15,용역,중부,ㅇ,㈜오푸스펄구조기술사사무소,이인영,02-3485-0900,02-3485-0991,"(05836) 서울특별시 송파구 법원로11길11, B동 1311호",iopus.co.kr
114,62,1997/22/27,시공,중부,ㅇ,㈜우방,송동근,(02)2051-1001,(02)2051-1016,"(41590)대구광역시 북구 원대로 128 (침산동, 연우빌딩)",www.woobang.co.kr
115,251,2016/04/05,용역,중부,ㅇ,㈜우석이엔씨,조학용,(02)572-5400,(02)575-5055,"(06784) 서울특별시 서초구 강남대로6길 133-19, 302호(양재동, 신성빌딩)",www.woo-seok.com
116,221,2011/02/15,용역,중부,ㅇ,㈜유선엔지니어링건축사사무소,조영돈,(02)3147-3000,(02)3147-3049,"(06153)서울특별시 강남구 봉은사로 422, 302(삼성동,원경빌딩)",www.usun.co.kr
117,83,2000/11/15,용역,중부,ㅇ,㈜유신건축종합건축사사무소,"김지덕,남정수",(031)381-2182,(031)381-2184,(14072)경기도 안양시 동안구 평촌대로227번길 48 승리빌딩,www.yooshinae.com
118,72,1999/00/07,용역,중부,ㅇ,㈜유일엔지니어링종합건축사무소,김환성,(02)2149-3316,(02)569-1049,"(13951)경기도 안양시 동안구 관악대로 480 8층(관양동, 우정타운)",www.yooilena.co.kr
119,91,2003/11/13,용역,호남,ㅇ,㈜유탑엔지니어링건축사사무소,김정식,(062)530-8756,(062)530-8799,"(58118)전라남도 화순군 화순읍 자치샘로 48, 미래타워 310호",www.u-top.co.kr
120,278,2019/04/23,용역,영남1,ㅇ,㈜이가에이씨엠건축사사무소,"조헌석, 최지용",(02)6717-6000,(02)6717-6400,"(38675) 경상북도 경산시 경산로 44길 10, 3층",www.egaacm.com/main.php
121,143,2005/11/10,용역,영남1,ㅇ,㈜이가종합건축사사무소,은동신,(02)3446-8885,(02)3446-8836,(06177)서울특별시 강남구 영동대로 316 새마을운동중앙회빌딩 2층,www.archiega.co.kr
122,8,2003/12/24,용역,중부,ㅇ,㈜이산,이원찬,(031)389-0114,(031)382-6069,(14066)경기도 안양시 동안구 부림로 121 동아프라자,www.isg.kr
123,86,2000/11/12,용역,영남2,ㅇ,㈜일신설계종합건축사사무소,박치권,(051)462-4711,(051)462-4738,(48729)부산광역시 동구 중앙대로320번길 3-2 일신빌딩,www.ilshinarch.co.kr
124,184,2008/05/30,용역,영남2,ㅇ,㈜일우엔지니어링건축사사무소,안길전,(062)233-7151,(062)233-7153,(61637)광주광역시 남구 서오층석탑1길 7-1,
125,302,2025/06/12,용역,영남2,ㅇ,㈜종합건축사사무소에이에이,박희욱,02-561-9440,02-561-9465,"서울시 서초구 서초대로350, 403호",www.aa-architecture.com
126,137,2005/00/03,용역,영남2,ㅇ,㈜AA아키그룹건축사사무소,이영철,(02)746-6500,(02)746-6600,(03058)서울특별시 종로구 율곡로 75 현대건설빌딩 4층,www.hda.co.kr
127,37,1997/22/27,시공,영남2,ㅇ,SK에코플랜트㈜,"안재현, 임영문",(02)3700-9120,(02)3700-8360,(03149)서울특별시 종로구 인사동7길 32 관훈빌딩,www.skec.co.kr
128,47,2001/62/29,용역,영남2,ㅈ,㈜전인씨엠건축사사무소,"한상규, 한준오, 안명제",(02)552-0025,(02)552-9393,"(05559)서울특별시 송파구 백제고분로17길 54(잠실동, 전인빌딩)",jeonincm.com
129,101,2003/21/17,용역,영남2,ㅈ,㈜정림씨엠건축사사무소,방명세,(02)708-8649,(02)2039-6421,"(07305)서울특별시 영등포구 영중로 15, 오피스 에이동 제업무시설-1호 12층",www.junglim.com
130,260,2017/10/16,시공,중부,ㅈ,정운건설씨앤씨㈜,"천상범,조경오",(031)855-2016,(031)855-2019,"(11693)경기도 의정부시 태평로108번길 30, 3층(의정부동)",
131,193,2009/01/09,용역,중부,ㅈ,㈜제이케이씨엠,백종건,(02)584-4531,(02)584-4533,(06628)서울특별시 서초구 강남대로 309 코리아비지니스센타 2007호,www.jkcm.co.kr
132,291,2022/11/01,용역,중부,ㅈ,㈜제이티엠종합건축사사무소,이준무,(02)6243-0330,(02)6013-0330,"(06172) 서울특별시 강남구 봉은사로112길 23, 삼성빌딩 3층",www.jtmarchi.com
133,191,2008/10/13,용역,호남,ㅈ,㈜제인종합건축사사무소,양택훈,(064)725-2231,(064)725-2230,(63185)제주특별자치도 제주시 서사로 152,
134,213,2010/08/11,용역,호남,ㅈ,지산엔지니어링,한주식,(031)280-6067,(031)280-6099,(16972)경기도 용인시 기흥구 관곡로64번길 18,www.jisaneng.co.kr
135,272,2018/10/08,용역,호남,ㅈ,㈜지코피앤씨,유지민,02-552-0996,02-3431-0997,"(05612)서울특별시 송파구 삼학사로 100, 4층(석촌동, 그랜드빌딩)",www.zicopnc.com/
136,296,2024/01/19,용역,호남,ㅊ,㈜창성씨앤디,이선우,02-6265-1011,02-6265-1012,"(07271)서울특별시 영등포구 양산로57-5, 607호(양평동3가)",www.changsungcnd.com
137,214,2010/08/19,용역,호남,ㅊ,㈜천일건축엔지니어링종합건축사사무소,한규봉,(02)578-2921,(02)574-2910,(06309)서울특별시 강남구 개포로32길 7,www.cade.co.kr
138,257,2017/03/31,용역,호남,ㅊ,㈜청우이엔지,"이원강, 서윤선",(02)514-1191,(02)514-6119,(06533)서울시 서초구 신반포로 308 남일빌딩 4층(반포동),www.cwe.co.kr
139,161,2006/70/04,용역,충청,ㅊ,㈜청우종합건축사사무소,연동익,(043)276-7213,(043)276-7226,"(28469)충청북도 청주시 흥덕구 사운로 190 주성빌딩 2층, 3층",cheongwoo94.co.kr
140,229,2012/01/27,용역,중부,ㅊ,㈜청해종합기술공사,김영준,(032)465-3095,(032)467-3095,(22221)인천광역시 남구 학익소로 66 선정빌딩,www.chce.co.kr
141,258,2017/08/10,용역,중부,ㅊ,㈜친친디,서승원,1599-4217,(02)563-8531,"(06210)서울특별시 강남구 테헤란로44길 8, 5층 1호,16호",www.친친디.com
142,235,2012/07/15,용역,중부,ㅋ,㈜케이디엔지니어링건축사사무소,서정식,(031)717-4860,(031)717-4862,(13637)경기도 성남시 분당구 구미로9번길 3-10 글로리타워,www.kdeng.co.kr
143,169,2007/04/11,용역,중부,ㅋ,㈜케이씨엠씨,곽동구,(02)518-4374,(02)518-4311,(06128)서울특별시 강남구 강남대로 102길 46,www.kcmc.co.kr
144,268,2018/04/17,용역,중부,ㅋ,㈜케이피디앤씨,구동열,(031)398-0934,(031)346-9899,(14054)경기도 안양시 동안구 시민대로 267 아크로팰리스 504호,
145,194,2009/01/12,용역,중부,ㅌ,㈜토문엔지니어링건축사사무소,"최두호,김기성,한남수,최기철",(02)515-5001,(02)512-7934,(05839)서울특별시 송파구 충민로 52 가든파이브웍스 D동 10층,www.tomoon.co.kr
146,289,2022/09/07,용역,중부,ㅌ,㈜토인이앤씨건축사사무소,김진호,02-501-4721,02-501-4275,(05600)서울특별시 송파구 삼학사로 19길 38-1 대일빌딩 3층,www.toinenc.com
147,45,2001/11/18,용역,중부,ㅌ,㈜토코마,박지훈,(02)3273-4343,(02)3273-2055,(04175)서울특별시 마포구 마포대로 12 한신빌딩 1015호,tocoma.kr
148,43,1999/72/21,용역,중부,ㅌ,㈜토펙엔지니어링건축사사무소,"김철중, 전홍철",(070)7609-4064,(02)579-7168,(06157) 서울특별시 강남구 삼성로95길 6 토펙삼성빌딩,www.topec.co.kr
149,227,2012/01/05,용역,중부,ㅌ,㈜티에스엔지니어링건축사사무소,정영욱,(032)507-6443,(032)507-6442,(21396)인천광역시 부평구 장제로75번길 3 신영빌딩 4층,
150,285,2021/06/02,용역,중부,ㅍ,㈜펨코엔지니어링건축사사무소,"류중수,홍정선",(02)554-2090,(02)554-2089,"(06653) 서울특별시 서초구 반포대로12길 30 (서초동, 펨코사옥)",pemcocm.com
151,250,2016/03/30,용역,호남,ㅍ,㈜평화엔지니어링,권선준,(031)420-7212,(031)420-7239,"(58217)전라남도 나주시 문화로 194, 601호(빛가람동, 티타워빌딩)",www.pec.kr
152,105,2003/30/06,용역,호남,ㅍ,㈜포스코에이앤씨건축사사무소,전훈태,(02)2018-7700,(02)2018-7799,"(21998)인천광역시 연수구 컨벤시아대로 165, 포스코타워 24층",www.poscoanc.com
153,122,2003/22/23,시공,영남1,ㅍ,㈜포스코이앤씨,이영훈,(031)370-9822,(031)370-9829,(37863)경상북도 포항시 남구 대송로 180,www.poscoenc.com
154,297,2024/03/13,용역,영남1,ㅍ,㈜피씨엠글로벌기술사건축사사무소,윤성도,02-3472-7894,02-3472-7895,"서울 서초구 서운로 13, 607호(서초동, 중앙로얄오피스텔)",www.pcmglobal.co.kr
155,223,2011/06/08,용역,영남1,ㅎ,㈜하우드엔지니어링종합건축사사무소,김성우,(02)2140-4400,(02)3452-6610,(05661)서울특별시 송파구 중대로25길 3-16,www.haud.co.kr
156,306,2026/05/27,용역,영남1,ㅎ,㈜하우빌드,이승기,1600-9580,0303-0303-3420,"서울특별시 강남구 테헤란로 439, 14층(삼성동)",www.howbuild.com
157,301,2025/04/01,용역,영남1,ㅎ,㈜하이빌드씨엠,"이윤희, 안상영",(053)763-0558,(053)383-0558,"(42162) 대구광역시 수성구 들안로13길 50, 203호(상동)",
158,271,2018/08/14,용역,영남1,ㅎ,㈜한국도시주택연구원,이진만,(02)455-7773,(02)453-7774,(05063)서울특별시 광진구 뚝섬로 599. 3층 (자양동),
159,242,2014/07/14,용역,영남1,ㅎ,㈜한국씨엠씨,신현국,(02)517-0500,(02)3478-0768,(08394)서울특별시 구로구 디지털로 242 한화비즈메트로1차 4층,www.hkcmc.co.kr/
160,15,2002/22/23,용역,중부,ㅎ,한국전력기술㈜,이배수,(031)289-3114,(031)283-6215,(16921)경기도 용인시 기흥구 용구대로 2354,www.kopec.co.kr
161,40,2002/22/27,용역,중부,ㅎ,㈜한국종합기술,이상민,(02)2049-5114,(02)2049-5100,(05288)서울특별시 강동구 상일로 6길 21,www.kecc.co.kr
162,64,1997/22/27,시공,중부,ㅎ,㈜한라,이석민,(02)3434-5508,(02)3432-0052,(05510)서울특별시 송파구 올림픽로 289 시그마타워,www.halla.com
163,232,2012/04/19,용역,중부,ㅎ,㈜한림건축씨엠종합건축사사무소,박진순,(02)6370-1500,(02)2179-9817,(04513)서울특별시 중구 서소문동 75번지 ENA Center 8층,www.hanlimgroup.com
164,192,2008/01/15,용역,영남2,ㅎ,㈜한림이앤씨건축사사무소,윤찬중,(052)277-0163,(052)277-0168,(44632)울산광역시 남구 북부순환도로 17 남운프라자 1605호,www.hanlimeng.com
165,35,1999/70/01,용역,영남2,ㅎ,㈜한미글로벌건축사사무소,"윤요현, 박서영",(02)3429-6300,(02)3429-6363,(06164)서울특별시 강남구 테헤란로87길 36 도심공항타워빌딩 9층,www.hanmiglobal.com
166,135,2005/11/14,용역,영남2,ㅎ,㈜한성개발공사,강해운,(055)334-7501,(055)322-8621,(50930)경상남도 김해시 분성로 524,www.h-sung.com
167,264,2018/02/13,용역,영남2,ㅎ,㈜한성건축엔지니어링,김제근,(02)3474-3121,(02)3474-3122,"(06649)서울특별시 서초구 사임당로 11(서초동, 정민빌딩 3층)",www.hansungeng.com
168,220,2011/01/21,시공,영남2,ㅎ,한웅건설㈜,"권도춘,오택명",(051)255-0670,(051)255-1275,(49223)부산광역시 서구 보수대로 105-1 한웅빌딩 13층,www.hanwoongcon.com
169,233,2012/05/24,용역,영남2,ㅎ,㈜한원포럼건축사사무소,이주훈,(02)2226-0942,(02)2226-7682,"(05718)서울특별시 송파구 중대로 113, 7층(가락동, 전기회관)",www.hanwon21.com
170,284,2021/04/09,용역,영남2,ㅎ,㈜함께함,홍순정,(02)919-7778,(02)919-7779,(02797)서울특별시 성북구 월곡로 7길 7,
171,183,2008/41/10,용역,영남2,ㅎ,㈜해안종합건축사사무소,"윤세한,김태만",(02)3438-8000,(02)3438-8101,(06135)서울특별시 강남구 봉은사로 208 해안빌딩,www.haeahn.com
172,151,2005/11/14,용역,중부,ㅎ,㈜행림종합건축사사무소,"이용호,한규철,임동건,박철홍",(02)526-8056,(02)526-8051,(13943)경기도 안양시 동안구 흥안대로 516 행림멤피스타워,www.e-haenglim.com
173,66,1997/22/27,시공,중부,ㅎ,현대건설㈜,이한우,(02)746-2762,(02)746-3122,(03058)서울특별시 종로구 율곡로 75(계동),www.hdec.kr
174,201,2009/08/03,용역,중부,ㅎ,㈜혜인이엔씨,최용석,(02)2093-2200,(02)2093-2205,(07547)서울특별시 강서구 양천로 583 우림블루나인비지니스센터 A동 24층,www.hyein.com
175,68,1997/22/27,시공,영남1,ㅎ,화성산업㈜,"이홍중, 이종원",(053)767-2111,(053)768-9318,(42149)대구광역시 수성구 동대구로 111,www.hwasung.com
176,154,2006/22/23,용역,영남1,ㅎ,㈜휴먼아키피아종합건축사사무소,도회만,(02)412-1118,(02)420-2519,(05631)서울특별시 송파구 백제고분로 470 휴먼빌딩 6층,www.humanarchipia.co.kr
177,179,2008/11/13,용역,중부,ㅎ,㈜휴먼텍코리아엔지니어링건축사사무소,"이규홍, 이충기",(031)751-6882,(031)751-6862,(13313) 경기도 성남시 수정구 성남대로 1171 삼성화재 성남사옥 3층,www.humanteceng.co.kr/index2.php
178,20,2000/00/04,용역,중부,ㅎ,㈜희림종합건축사사무소,"정영균, 권기재",(02)3410-9114,(02)3410-9098,(05288)서울특별시 강동구 상일로6길 39,www.heerim.com
179,287,2021/12/14,용역,중부,ㅎ,㈜힐탑엠앤씨,전현성,(02)983-3757,(02)945-3756,"(04775)서울특별시 성동구 뚝섬로4길 11, 202호",
180,65,1997/22/27,시공,영남2,ㅎ,㈜HJ중공업,이병모,(02)450-8022,(02)450-8101,(49001)부산광역시 영도구 태종로 233,www.hanjinsc.com
181,245,2015/03/26,용역,영남2,o,오선엔지니어링㈜,민이식,(02)2164-8200,(02)2164-8204,"(07270)서울특별시 영등포구 양산로 43, 우림이비즈센터 812호",www.osuneng.co.kr
